wall_iso,epoch,feed,header_ts,wire_bytes,status
2026-08-05T11:46:13,1785948373.2,trips,1785948359,208309,200
2026-08-05T11:46:13,1785948373.6,vehicles,1785948359,11959,200
2026-08-05T11:46:13,1785948373.9,alerts,1785948350,25853,200
2026-08-05T11:46:23,1785948383.2,trips,1785948359,208309,200
2026-08-05T11:46:23,1785948383.5,vehicles,1785948359,11959,200
2026-08-05T11:46:23,1785948383.7,alerts,1785948350,25853,200
2026-08-05T11:46:33,1785948393.2,trips,1785948359,208309,200
2026-08-05T11:46:33,1785948393.5,vehicles,1785948359,11959,200
2026-08-05T11:46:33,1785948393.7,alerts,1785948350,25853,200
2026-08-05T11:46:43,1785948403.2,trips,1785948402,211564,200
2026-08-05T11:46:43,1785948403.5,vehicles,1785948402,12059,200
2026-08-05T11:46:43,1785948403.8,alerts,1785948350,25853,200
2026-08-05T11:46:53,1785948413.2,trips,1785948402,211564,200
2026-08-05T11:46:53,1785948413.5,vehicles,1785948402,12059,200
2026-08-05T11:46:53,1785948413.8,alerts,1785948350,25853,200
2026-08-05T11:47:03,1785948423.2,trips,1785948402,211564,200
2026-08-05T11:47:03,1785948423.5,vehicles,1785948402,12059,200
2026-08-05T11:47:03,1785948423.8,alerts,1785948350,25853,200
2026-08-05T11:47:13,1785948433.2,trips,1785948402,211564,200
2026-08-05T11:47:13,1785948433.5,vehicles,1785948402,12059,200
2026-08-05T11:47:13,1785948433.7,alerts,1785948350,25853,200
2026-08-05T11:47:23,1785948443.2,trips,1785948423,212314,200
2026-08-05T11:47:23,1785948443.6,vehicles,1785948423,12151,200
2026-08-05T11:47:23,1785948443.8,alerts,1785948411,25853,200
2026-08-05T11:47:33,1785948453.2,trips,1785948423,212314,200
2026-08-05T11:47:33,1785948453.5,vehicles,1785948423,12151,200
2026-08-05T11:47:33,1785948453.7,alerts,1785948411,25853,200
2026-08-05T11:47:43,1785948463.2,trips,1785948423,212314,200
2026-08-05T11:47:43,1785948463.5,vehicles,1785948423,12151,200
2026-08-05T11:47:43,1785948463.7,alerts,1785948411,25853,200
2026-08-05T11:47:53,1785948473.2,trips,1785948466,215322,200
2026-08-05T11:47:53,1785948473.5,vehicles,1785948466,12446,200
2026-08-05T11:47:53,1785948473.7,alerts,1785948411,25853,200
2026-08-05T11:48:03,1785948483.2,trips,1785948466,215322,200
2026-08-05T11:48:03,1785948483.5,vehicles,1785948466,12446,200
2026-08-05T11:48:03,1785948483.7,alerts,1785948411,25853,200
2026-08-05T11:48:13,1785948493.2,trips,1785948466,215322,200
2026-08-05T11:48:13,1785948493.5,vehicles,1785948466,12446,200
2026-08-05T11:48:13,1785948493.7,alerts,1785948411,25853,200
2026-08-05T11:48:23,1785948503.2,trips,1785948488,216778,200
2026-08-05T11:48:23,1785948503.5,vehicles,1785948488,12446,200
2026-08-05T11:48:23,1785948503.7,alerts,1785948471,25853,200
2026-08-05T11:48:33,1785948513.2,trips,1785948488,216778,200
2026-08-05T11:48:33,1785948513.5,vehicles,1785948488,12446,200
2026-08-05T11:48:33,1785948513.7,alerts,1785948471,25853,200
2026-08-05T11:48:43,1785948523.2,trips,1785948488,216778,200
2026-08-05T11:48:43,1785948523.5,vehicles,1785948488,12446,200
2026-08-05T11:48:43,1785948523.7,alerts,1785948471,25853,200
2026-08-05T11:48:53,1785948533.2,trips,1785948488,216778,200
2026-08-05T11:48:53,1785948533.5,vehicles,1785948488,12446,200
2026-08-05T11:48:53,1785948533.8,alerts,1785948531,25853,200
2026-08-05T11:49:03,1785948543.2,trips,1785948531,217338,200
2026-08-05T11:49:03,1785948543.5,vehicles,1785948531,12353,200
2026-08-05T11:49:03,1785948543.7,alerts,1785948531,25853,200
2026-08-05T11:49:13,1785948553.2,trips,1785948531,217338,200
2026-08-05T11:49:13,1785948553.5,vehicles,1785948531,12353,200
2026-08-05T11:49:13,1785948553.8,alerts,1785948531,25853,200
2026-08-05T11:49:23,1785948563.2,trips,1785948531,217338,200
2026-08-05T11:49:23,1785948563.5,vehicles,1785948531,12353,200
2026-08-05T11:49:23,1785948563.8,alerts,1785948531,25853,200
2026-08-05T11:49:33,1785948573.2,trips,1785948553,216963,200
2026-08-05T11:49:33,1785948573.5,vehicles,1785948553,12454,200
2026-08-05T11:49:33,1785948573.7,alerts,1785948531,25853,200
2026-08-05T11:49:43,1785948583.2,trips,1785948553,216963,200
2026-08-05T11:49:43,1785948583.6,vehicles,1785948553,12454,200
2026-08-05T11:49:43,1785948583.8,alerts,1785948531,25853,200
2026-08-05T11:49:53,1785948593.2,trips,1785948553,216963,200
2026-08-05T11:49:53,1785948593.5,vehicles,1785948553,12454,200
2026-08-05T11:49:53,1785948593.8,alerts,1785948531,25853,200
2026-08-05T11:50:03,1785948603.2,trips,1785948596,220382,200
2026-08-05T11:50:03,1785948603.5,vehicles,1785948596,12655,200
2026-08-05T11:50:03,1785948603.7,alerts,1785948591,25853,200
2026-08-05T11:50:13,1785948613.2,trips,1785948596,220382,200
2026-08-05T11:50:13,1785948613.5,vehicles,1785948596,12655,200
2026-08-05T11:50:13,1785948613.7,alerts,1785948591,25853,200
2026-08-05T11:50:23,1785948623.2,trips,1785948596,220382,200
2026-08-05T11:50:23,1785948623.5,vehicles,1785948596,12655,200
2026-08-05T11:50:23,1785948623.7,alerts,1785948591,25853,200
2026-08-05T11:50:33,1785948633.2,trips,1785948617,219280,200
2026-08-05T11:50:33,1785948633.6,vehicles,1785948617,12751,200
2026-08-05T11:50:34,1785948634.5,alerts,1785948591,25853,200
2026-08-05T11:50:43,1785948643.2,trips,1785948617,219280,200
2026-08-05T11:50:43,1785948643.5,vehicles,1785948617,12751,200
2026-08-05T11:50:43,1785948643.8,alerts,1785948591,25853,200
2026-08-05T11:50:53,1785948653.2,trips,1785948617,219280,200
2026-08-05T11:50:53,1785948653.5,vehicles,1785948617,12751,200
2026-08-05T11:50:53,1785948653.7,alerts,1785948591,25853,200
2026-08-05T11:51:03,1785948663.2,trips,1785948617,219280,200
2026-08-05T11:51:03,1785948663.5,vehicles,1785948617,12751,200
2026-08-05T11:51:03,1785948663.8,alerts,1785948591,25853,200
2026-08-05T11:51:13,1785948673.2,trips,1785948660,220736,200
2026-08-05T11:51:13,1785948673.5,vehicles,1785948660,12946,200
2026-08-05T11:51:13,1785948673.7,alerts,1785948651,25853,200
2026-08-05T11:51:23,1785948683.2,trips,1785948660,220736,200
2026-08-05T11:51:23,1785948683.5,vehicles,1785948660,12946,200
2026-08-05T11:51:23,1785948683.7,alerts,1785948651,25853,200
2026-08-05T11:51:33,1785948693.2,trips,1785948660,220736,200
2026-08-05T11:51:33,1785948693.5,vehicles,1785948660,12946,200
2026-08-05T11:51:33,1785948693.8,alerts,1785948651,25853,200
2026-08-05T11:51:43,1785948703.2,trips,1785948681,222852,200
2026-08-05T11:51:43,1785948703.5,vehicles,1785948681,13052,200
2026-08-05T11:51:43,1785948703.7,alerts,1785948651,25853,200
2026-08-05T11:51:53,1785948713.2,trips,1785948681,222852,200
2026-08-05T11:51:53,1785948713.5,vehicles,1785948681,13052,200
2026-08-05T11:51:53,1785948713.7,alerts,1785948651,25853,200
2026-08-05T11:52:03,1785948723.2,trips,1785948681,222852,200
2026-08-05T11:52:03,1785948723.6,vehicles,1785948681,13052,200
2026-08-05T11:52:03,1785948723.8,alerts,1785948651,25853,200
2026-08-05T11:52:13,1785948733.2,trips,1785948725,221950,200
2026-08-05T11:52:13,1785948733.5,vehicles,1785948725,12728,200
2026-08-05T11:52:13,1785948733.8,alerts,1785948711,25853,200
2026-08-05T11:52:23,1785948743.2,trips,1785948725,221950,200
2026-08-05T11:52:23,1785948743.6,vehicles,1785948725,12728,200
2026-08-05T11:52:23,1785948743.8,alerts,1785948711,25853,200
2026-08-05T11:52:33,1785948753.2,trips,1785948725,221950,200
2026-08-05T11:52:33,1785948753.5,vehicles,1785948725,12728,200
2026-08-05T11:52:33,1785948753.7,alerts,1785948711,25853,200
2026-08-05T11:52:43,1785948763.2,trips,1785948746,218980,200
2026-08-05T11:52:43,1785948763.5,vehicles,1785948746,12717,200
2026-08-05T11:52:43,1785948763.7,alerts,1785948711,25853,200
2026-08-05T11:52:53,1785948773.2,trips,1785948746,218980,200
2026-08-05T11:52:53,1785948773.5,vehicles,1785948746,12717,200
2026-08-05T11:52:53,1785948773.7,alerts,1785948711,25853,200
2026-08-05T11:53:03,1785948783.2,trips,1785948746,218980,200
2026-08-05T11:53:03,1785948783.5,vehicles,1785948746,12717,200
2026-08-05T11:53:03,1785948783.7,alerts,1785948711,25853,200
2026-08-05T11:53:13,1785948793.2,trips,1785948746,218980,200
2026-08-05T11:53:13,1785948793.5,vehicles,1785948746,12717,200
2026-08-05T11:53:13,1785948793.7,alerts,1785948711,25853,200
2026-08-05T11:53:23,1785948803.2,trips,1785948788,217395,200
2026-08-05T11:53:23,1785948803.5,vehicles,1785948788,12928,200
2026-08-05T11:53:23,1785948803.7,alerts,1785948771,25853,200
2026-08-05T11:53:33,1785948813.2,trips,1785948788,217395,200
2026-08-05T11:53:33,1785948813.5,vehicles,1785948788,12928,200
2026-08-05T11:53:33,1785948813.7,alerts,1785948771,25853,200
2026-08-05T11:53:43,1785948823.2,trips,1785948788,217395,200
2026-08-05T11:53:43,1785948823.5,vehicles,1785948788,12928,200
2026-08-05T11:53:43,1785948823.7,alerts,1785948771,25853,200
2026-08-05T11:53:53,1785948833.2,trips,1785948810,218331,200
2026-08-05T11:53:53,1785948833.5,vehicles,1785948810,13029,200
2026-08-05T11:53:53,1785948833.7,alerts,1785948771,25853,200
2026-08-05T11:54:03,1785948843.2,trips,1785948810,218331,200
2026-08-05T11:54:03,1785948843.5,vehicles,1785948810,13029,200
2026-08-05T11:54:03,1785948843.7,alerts,1785948771,25853,200
2026-08-05T11:54:13,1785948853.2,trips,1785948810,218331,200
2026-08-05T11:54:13,1785948853.5,vehicles,1785948810,13029,200
2026-08-05T11:54:13,1785948853.7,alerts,1785948771,25853,200
2026-08-05T11:54:23,1785948863.2,trips,1785948852,218488,200
2026-08-05T11:54:23,1785948863.5,vehicles,1785948852,13321,200
2026-08-05T11:54:23,1785948863.7,alerts,1785948831,25853,200
2026-08-05T11:54:33,1785948873.2,trips,1785948852,218488,200
2026-08-05T11:54:33,1785948873.5,vehicles,1785948852,13321,200
2026-08-05T11:54:33,1785948873.7,alerts,1785948831,25853,200
2026-08-05T11:54:43,1785948883.2,trips,1785948852,218488,200
2026-08-05T11:54:43,1785948883.5,vehicles,1785948852,13321,200
2026-08-05T11:54:43,1785948883.7,alerts,1785948831,25853,200
2026-08-05T11:54:53,1785948893.2,trips,1785948852,218488,200
2026-08-05T11:54:53,1785948893.5,vehicles,1785948852,13321,200
2026-08-05T11:54:53,1785948893.7,alerts,1785948891,25853,200
2026-08-05T11:55:03,1785948903.2,trips,1785948873,220186,200
2026-08-05T11:55:03,1785948903.5,vehicles,1785948894,13231,200
2026-08-05T11:55:03,1785948903.7,alerts,1785948891,25853,200
2026-08-05T11:55:13,1785948913.2,trips,1785948873,220186,200
2026-08-05T11:55:13,1785948913.5,vehicles,1785948894,13231,200
2026-08-05T11:55:13,1785948913.7,alerts,1785948891,25853,200
2026-08-05T11:55:23,1785948923.2,trips,1785948873,220186,200
2026-08-05T11:55:23,1785948923.5,vehicles,1785948894,13231,200
2026-08-05T11:55:23,1785948923.7,alerts,1785948891,25853,200
2026-08-05T11:55:33,1785948933.2,trips,1785948920,214472,200
2026-08-05T11:55:33,1785948933.5,vehicles,1785948920,13137,200
2026-08-05T11:55:33,1785948933.7,alerts,1785948891,25853,200
2026-08-05T11:55:43,1785948943.2,trips,1785948920,214472,200
2026-08-05T11:55:43,1785948943.5,vehicles,1785948920,13137,200
2026-08-05T11:55:43,1785948943.7,alerts,1785948891,25853,200
2026-08-05T11:55:53,1785948953.2,trips,1785948920,214472,200
2026-08-05T11:55:53,1785948953.5,vehicles,1785948920,13137,200
2026-08-05T11:55:53,1785948953.7,alerts,1785948891,25853,200
2026-08-05T11:56:03,1785948963.2,trips,1785948942,214560,200
2026-08-05T11:56:03,1785948963.5,vehicles,1785948942,12922,200
2026-08-05T11:56:03,1785948963.7,alerts,1785948951,25853,200
2026-08-05T11:56:13,1785948973.2,trips,1785948942,214560,200
2026-08-05T11:56:13,1785948973.6,vehicles,1785948942,12922,200
2026-08-05T11:56:13,1785948973.8,alerts,1785948951,25853,200
2026-08-05T11:56:23,1785948983.2,trips,1785948942,214560,200
2026-08-05T11:56:23,1785948983.5,vehicles,1785948942,12922,200
2026-08-05T11:56:23,1785948983.8,alerts,1785948951,25853,200
2026-08-05T11:56:33,1785948993.2,trips,1785948987,222110,200
2026-08-05T11:56:33,1785948993.5,vehicles,1785948987,13232,200
2026-08-05T11:56:33,1785948993.8,alerts,1785948951,25853,200
2026-08-05T11:56:43,1785949003.2,trips,1785948987,222110,200
2026-08-05T11:56:43,1785949003.6,vehicles,1785948987,13232,200
2026-08-05T11:56:43,1785949003.8,alerts,1785948951,25853,200
2026-08-05T11:56:53,1785949013.2,trips,1785948987,222110,200
2026-08-05T11:56:53,1785949013.6,vehicles,1785948987,13232,200
2026-08-05T11:56:53,1785949013.8,alerts,1785948951,25853,200
2026-08-05T11:57:03,1785949023.2,trips,1785948987,222110,200
2026-08-05T11:57:03,1785949023.5,vehicles,1785948987,13232,200
2026-08-05T11:57:03,1785949023.8,alerts,1785948951,25853,200
2026-08-05T11:57:13,1785949033.2,trips,1785949011,219930,200
2026-08-05T11:57:13,1785949033.5,vehicles,1785949011,13226,200
2026-08-05T11:57:13,1785949033.7,alerts,1785949011,25853,200
2026-08-05T11:57:23,1785949043.2,trips,1785949011,219930,200
2026-08-05T11:57:23,1785949043.5,vehicles,1785949011,13226,200
2026-08-05T11:57:23,1785949043.8,alerts,1785949011,25853,200
2026-08-05T11:57:33,1785949053.2,trips,1785949011,219930,200
2026-08-05T11:57:33,1785949053.5,vehicles,1785949011,13226,200
2026-08-05T11:57:33,1785949053.8,alerts,1785949011,25853,200
2026-08-05T11:57:43,1785949063.2,trips,1785949053,217309,200
2026-08-05T11:57:43,1785949063.5,vehicles,1785949053,13380,200
2026-08-05T11:57:43,1785949063.8,alerts,1785949011,25853,200
2026-08-05T11:57:53,1785949073.2,trips,1785949053,217309,200
2026-08-05T11:57:53,1785949073.5,vehicles,1785949053,13380,200
2026-08-05T11:57:53,1785949073.7,alerts,1785949011,25853,200
2026-08-05T11:58:03,1785949083.2,trips,1785949053,217309,200
2026-08-05T11:58:03,1785949083.7,vehicles,1785949053,13380,200
2026-08-05T11:58:03,1785949083.9,alerts,1785949011,25853,200
2026-08-05T11:58:13,1785949093.2,trips,1785949074,218265,200
2026-08-05T11:58:13,1785949093.6,vehicles,1785949074,13578,200
2026-08-05T11:58:13,1785949093.8,alerts,1785949071,25853,200
2026-08-05T11:58:23,1785949103.2,trips,1785949074,218265,200
2026-08-05T11:58:23,1785949103.5,vehicles,1785949074,13578,200
2026-08-05T11:58:23,1785949103.8,alerts,1785949071,25853,200
2026-08-05T11:58:33,1785949113.2,trips,1785949074,218265,200
2026-08-05T11:58:33,1785949113.5,vehicles,1785949074,13578,200
2026-08-05T11:58:33,1785949113.8,alerts,1785949071,25853,200
2026-08-05T11:58:43,1785949123.2,trips,1785949117,217375,200
2026-08-05T11:58:43,1785949123.5,vehicles,1785949117,13488,200
2026-08-05T11:58:43,1785949123.8,alerts,1785949071,25853,200
2026-08-05T11:58:53,1785949133.2,trips,1785949117,217375,200
2026-08-05T11:58:53,1785949133.5,vehicles,1785949117,13488,200
2026-08-05T11:58:53,1785949133.8,alerts,1785949071,25853,200
2026-08-05T11:59:03,1785949143.2,trips,1785949117,217375,200
2026-08-05T11:59:03,1785949143.5,vehicles,1785949117,13488,200
2026-08-05T11:59:03,1785949143.8,alerts,1785949071,25853,200
2026-08-05T11:59:13,1785949153.2,trips,1785949117,217375,200
2026-08-05T11:59:13,1785949153.5,vehicles,1785949117,13488,200
2026-08-05T11:59:13,1785949153.8,alerts,1785949071,25853,200
2026-08-05T11:59:23,1785949163.2,trips,1785949138,226550,200
2026-08-05T11:59:23,1785949163.5,vehicles,1785949138,13588,200
2026-08-05T11:59:23,1785949163.8,alerts,1785949131,25853,200
2026-08-05T11:59:33,1785949173.2,trips,1785949138,226550,200
2026-08-05T11:59:33,1785949173.5,vehicles,1785949138,13588,200
2026-08-05T11:59:33,1785949173.8,alerts,1785949131,25853,200
2026-08-05T11:59:43,1785949183.2,trips,1785949138,226550,200
2026-08-05T11:59:43,1785949183.6,vehicles,1785949138,13588,200
2026-08-05T11:59:43,1785949183.8,alerts,1785949131,25853,200
2026-08-05T11:59:53,1785949193.2,trips,1785949180,225562,200
2026-08-05T11:59:53,1785949193.5,vehicles,1785949180,13678,200
2026-08-05T11:59:53,1785949193.7,alerts,1785949131,25853,200
2026-08-05T12:00:03,1785949203.2,trips,1785949180,225562,200
2026-08-05T12:00:03,1785949203.6,vehicles,1785949180,13678,200
2026-08-05T12:00:03,1785949203.8,alerts,1785949131,25853,200
2026-08-05T12:00:13,1785949213.2,trips,1785949180,225562,200
2026-08-05T12:00:13,1785949213.5,vehicles,1785949180,13678,200
2026-08-05T12:00:13,1785949213.8,alerts,1785949131,25853,200
2026-08-05T12:00:23,1785949223.2,trips,1785949202,222116,200
2026-08-05T12:00:23,1785949223.5,vehicles,1785949202,13588,200
2026-08-05T12:00:23,1785949223.7,alerts,1785949192,25853,200
2026-08-05T12:00:33,1785949233.2,trips,1785949202,222116,200
2026-08-05T12:00:33,1785949233.5,vehicles,1785949202,13588,200
2026-08-05T12:00:33,1785949233.7,alerts,1785949192,25853,200
2026-08-05T12:00:43,1785949243.2,trips,1785949202,222116,200
2026-08-05T12:00:43,1785949243.5,vehicles,1785949202,13588,200
2026-08-05T12:00:43,1785949243.8,alerts,1785949192,25853,200
2026-08-05T12:00:53,1785949253.2,trips,1785949202,222116,200
2026-08-05T12:00:53,1785949253.5,vehicles,1785949202,13588,200
2026-08-05T12:00:53,1785949253.7,alerts,1785949192,25853,200
2026-08-05T12:01:03,1785949263.2,trips,1785949244,221641,200
2026-08-05T12:01:03,1785949263.5,vehicles,1785949244,13396,200
2026-08-05T12:01:03,1785949263.8,alerts,1785949252,25853,200
2026-08-05T12:01:13,1785949273.2,trips,1785949244,221641,200
2026-08-05T12:01:13,1785949273.8,vehicles,1785949244,13396,200
2026-08-05T12:01:14,1785949274.0,alerts,1785949252,25853,200
2026-08-05T12:01:23,1785949283.2,trips,1785949244,221641,200
2026-08-05T12:01:23,1785949283.5,vehicles,1785949244,13396,200
2026-08-05T12:01:23,1785949283.8,alerts,1785949252,25853,200
2026-08-05T12:01:33,1785949293.2,trips,1785949265,224827,200
2026-08-05T12:01:33,1785949293.5,vehicles,1785949287,13399,200
2026-08-05T12:01:33,1785949293.8,alerts,1785949252,25853,200
2026-08-05T12:01:43,1785949303.2,trips,1785949265,224827,200
2026-08-05T12:01:43,1785949303.5,vehicles,1785949287,13399,200
2026-08-05T12:01:43,1785949303.8,alerts,1785949252,25853,200
2026-08-05T12:01:53,1785949313.2,trips,1785949265,224827,200
2026-08-05T12:01:53,1785949313.6,vehicles,1785949287,13399,200
2026-08-05T12:01:53,1785949313.8,alerts,1785949252,25853,200
2026-08-05T12:02:03,1785949323.2,trips,1785949313,226356,200
2026-08-05T12:02:03,1785949323.5,vehicles,1785949313,13483,200
2026-08-05T12:02:03,1785949323.8,alerts,1785949312,25853,200
2026-08-05T12:02:13,1785949333.2,trips,1785949313,226356,200
2026-08-05T12:02:13,1785949333.5,vehicles,1785949313,13483,200
2026-08-05T12:02:13,1785949333.8,alerts,1785949312,25853,200
2026-08-05T12:02:23,1785949343.2,trips,1785949313,226356,200
2026-08-05T12:02:23,1785949343.5,vehicles,1785949313,13483,200
2026-08-05T12:02:23,1785949343.8,alerts,1785949312,25853,200
2026-08-05T12:02:33,1785949353.2,trips,1785949335,233254,200
2026-08-05T12:02:33,1785949353.5,vehicles,1785949335,13885,200
2026-08-05T12:02:33,1785949353.8,alerts,1785949312,25853,200
2026-08-05T12:02:43,1785949363.2,trips,1785949335,233254,200
2026-08-05T12:02:43,1785949363.5,vehicles,1785949335,13885,200
2026-08-05T12:02:43,1785949363.8,alerts,1785949312,25853,200
2026-08-05T12:02:53,1785949373.2,trips,1785949335,233254,200
2026-08-05T12:02:53,1785949373.5,vehicles,1785949335,13885,200
2026-08-05T12:02:53,1785949373.8,alerts,1785949312,25853,200
2026-08-05T12:03:03,1785949383.2,trips,1785949335,233254,200
2026-08-05T12:03:03,1785949383.5,vehicles,1785949335,13885,200
2026-08-05T12:03:03,1785949383.8,alerts,1785949312,25853,200
2026-08-05T12:03:13,1785949393.2,trips,1785949377,229383,200
2026-08-05T12:03:13,1785949393.5,vehicles,1785949377,13608,200
2026-08-05T12:03:13,1785949393.8,alerts,1785949372,25853,200
2026-08-05T12:03:23,1785949403.2,trips,1785949377,229383,200
2026-08-05T12:03:23,1785949403.5,vehicles,1785949377,13608,200
2026-08-05T12:03:23,1785949403.8,alerts,1785949372,25853,200
2026-08-05T12:03:33,1785949413.2,trips,1785949377,229383,200
2026-08-05T12:03:33,1785949413.5,vehicles,1785949377,13608,200
2026-08-05T12:03:33,1785949413.8,alerts,1785949372,25853,200
2026-08-05T12:03:43,1785949423.2,trips,1785949398,225125,200
2026-08-05T12:03:43,1785949423.5,vehicles,1785949398,13498,200
2026-08-05T12:03:43,1785949423.7,alerts,1785949372,25853,200
2026-08-05T12:03:53,1785949433.2,trips,1785949398,225125,200
2026-08-05T12:03:53,1785949433.5,vehicles,1785949398,13498,200
2026-08-05T12:03:53,1785949433.8,alerts,1785949372,25853,200
2026-08-05T12:04:03,1785949443.2,trips,1785949398,225125,200
2026-08-05T12:04:03,1785949443.6,vehicles,1785949398,13498,200
2026-08-05T12:04:03,1785949443.8,alerts,1785949372,25853,200
2026-08-05T12:04:13,1785949453.2,trips,1785949441,217977,200
2026-08-05T12:04:13,1785949453.5,vehicles,1785949441,12928,200
2026-08-05T12:04:13,1785949453.8,alerts,1785949432,25853,200
2026-08-05T12:04:23,1785949463.2,trips,1785949441,217977,200
2026-08-05T12:04:23,1785949463.5,vehicles,1785949441,12928,200
2026-08-05T12:04:23,1785949463.7,alerts,1785949432,25853,200
2026-08-05T12:04:33,1785949473.2,trips,1785949441,217977,200
2026-08-05T12:04:33,1785949473.5,vehicles,1785949441,12928,200
2026-08-05T12:04:33,1785949473.8,alerts,1785949432,25853,200
2026-08-05T12:04:43,1785949483.2,trips,1785949441,217977,200
2026-08-05T12:04:43,1785949483.6,vehicles,1785949441,12928,200
2026-08-05T12:04:43,1785949483.8,alerts,1785949432,25853,200
2026-08-05T12:04:53,1785949493.2,trips,1785949483,214840,200
2026-08-05T12:04:53,1785949493.6,vehicles,1785949483,12923,200
2026-08-05T12:04:53,1785949493.8,alerts,1785949432,25853,200
2026-08-05T12:05:03,1785949503.2,trips,1785949483,214840,200
2026-08-05T12:05:03,1785949503.5,vehicles,1785949483,12923,200
2026-08-05T12:05:03,1785949503.8,alerts,1785949432,25853,200
2026-08-05T12:05:13,1785949513.2,trips,1785949483,214840,200
2026-08-05T12:05:13,1785949513.5,vehicles,1785949483,12923,200
2026-08-05T12:05:13,1785949513.8,alerts,1785949432,25853,200
2026-08-05T12:05:23,1785949523.2,trips,1785949505,214260,200
2026-08-05T12:05:23,1785949523.5,vehicles,1785949505,12827,200
2026-08-05T12:05:23,1785949523.8,alerts,1785949492,25853,200
2026-08-05T12:05:33,1785949533.2,trips,1785949505,214260,200
2026-08-05T12:05:33,1785949533.5,vehicles,1785949505,12827,200
2026-08-05T12:05:33,1785949533.7,alerts,1785949492,25853,200
2026-08-05T12:05:43,1785949543.2,trips,1785949505,214260,200
2026-08-05T12:05:43,1785949543.6,vehicles,1785949505,12827,200
2026-08-05T12:05:43,1785949543.8,alerts,1785949492,25853,200
2026-08-05T12:05:53,1785949553.2,trips,1785949547,210775,200
2026-08-05T12:05:53,1785949553.5,vehicles,1785949547,12738,200
2026-08-05T12:05:53,1785949553.7,alerts,1785949492,25853,200
2026-08-05T12:06:03,1785949563.2,trips,1785949547,210775,200
2026-08-05T12:06:03,1785949563.5,vehicles,1785949547,12738,200
2026-08-05T12:06:03,1785949563.8,alerts,1785949492,25853,200
2026-08-05T12:06:13,1785949573.2,trips,1785949547,210775,200
2026-08-05T12:06:13,1785949573.5,vehicles,1785949547,12738,200
2026-08-05T12:06:13,1785949573.8,alerts,1785949492,25853,200
2026-08-05T12:06:23,1785949583.2,trips,1785949569,212078,200
2026-08-05T12:06:23,1785949583.5,vehicles,1785949569,12635,200
2026-08-05T12:06:23,1785949583.7,alerts,1785949552,25853,200
2026-08-05T12:06:33,1785949593.2,trips,1785949569,212078,200
2026-08-05T12:06:33,1785949593.5,vehicles,1785949569,12635,200
2026-08-05T12:06:33,1785949593.8,alerts,1785949552,25853,200
2026-08-05T12:06:43,1785949603.2,trips,1785949569,212078,200
2026-08-05T12:06:43,1785949603.5,vehicles,1785949569,12635,200
2026-08-05T12:06:43,1785949603.7,alerts,1785949552,25853,200
2026-08-05T12:06:53,1785949613.2,trips,1785949569,212078,200
2026-08-05T12:06:53,1785949613.5,vehicles,1785949569,12635,200
2026-08-05T12:06:53,1785949613.7,alerts,1785949552,25853,200
2026-08-05T12:07:03,1785949623.2,trips,1785949611,207686,200
2026-08-05T12:07:03,1785949623.5,vehicles,1785949611,12237,200
2026-08-05T12:07:03,1785949623.7,alerts,1785949612,25853,200
2026-08-05T12:07:13,1785949633.2,trips,1785949611,207686,200
2026-08-05T12:07:13,1785949633.5,vehicles,1785949611,12237,200
2026-08-05T12:07:13,1785949633.7,alerts,1785949612,25853,200
2026-08-05T12:07:23,1785949643.2,trips,1785949611,207686,200
2026-08-05T12:07:23,1785949643.5,vehicles,1785949611,12237,200
2026-08-05T12:07:23,1785949643.7,alerts,1785949612,25853,200
2026-08-05T12:07:33,1785949653.2,trips,1785949632,211305,200
2026-08-05T12:07:33,1785949653.6,vehicles,1785949632,12338,200
2026-08-05T12:07:33,1785949653.8,alerts,1785949612,25853,200
2026-08-05T12:07:43,1785949663.2,trips,1785949632,211305,200
2026-08-05T12:07:43,1785949663.5,vehicles,1785949632,12338,200
2026-08-05T12:07:43,1785949663.8,alerts,1785949612,25853,200
2026-08-05T12:07:53,1785949673.2,trips,1785949632,211305,200
2026-08-05T12:07:53,1785949673.5,vehicles,1785949632,12338,200
2026-08-05T12:07:53,1785949673.7,alerts,1785949612,25853,200
2026-08-05T12:08:03,1785949683.2,trips,1785949675,204468,200
2026-08-05T12:08:03,1785949683.5,vehicles,1785949675,11967,200
2026-08-05T12:08:03,1785949683.7,alerts,1785949672,25853,200
2026-08-05T12:08:13,1785949693.2,trips,1785949675,204468,200
2026-08-05T12:08:13,1785949693.5,vehicles,1785949675,11967,200
2026-08-05T12:08:13,1785949693.7,alerts,1785949672,25853,200
2026-08-05T12:08:23,1785949703.2,trips,1785949675,204468,200
2026-08-05T12:08:23,1785949703.5,vehicles,1785949675,11967,200
2026-08-05T12:08:23,1785949703.7,alerts,1785949672,25853,200
2026-08-05T12:08:33,1785949713.2,trips,1785949675,204468,200
2026-08-05T12:08:33,1785949713.5,vehicles,1785949675,11967,200
2026-08-05T12:08:33,1785949713.8,alerts,1785949672,25853,200
2026-08-05T12:08:43,1785949723.2,trips,1785949697,206671,200
2026-08-05T12:08:43,1785949723.5,vehicles,1785949697,12172,200
2026-08-05T12:08:43,1785949723.7,alerts,1785949672,25853,200
2026-08-05T12:08:53,1785949733.2,trips,1785949697,206671,200
2026-08-05T12:08:53,1785949733.5,vehicles,1785949697,12172,200
2026-08-05T12:08:53,1785949733.7,alerts,1785949672,25853,200
2026-08-05T12:09:03,1785949743.2,trips,1785949697,206671,200
2026-08-05T12:09:03,1785949743.5,vehicles,1785949697,12172,200
2026-08-05T12:09:03,1785949743.8,alerts,1785949672,25853,200
2026-08-05T12:09:13,1785949753.2,trips,1785949740,207733,200
2026-08-05T12:09:13,1785949753.5,vehicles,1785949740,12248,200
2026-08-05T12:09:13,1785949753.8,alerts,1785949732,25853,200
2026-08-05T12:09:23,1785949763.2,trips,1785949740,207733,200
2026-08-05T12:09:23,1785949763.5,vehicles,1785949740,12248,200
2026-08-05T12:09:23,1785949763.7,alerts,1785949732,25853,200
2026-08-05T12:09:33,1785949773.2,trips,1785949740,207733,200
2026-08-05T12:09:33,1785949773.5,vehicles,1785949740,12248,200
2026-08-05T12:09:33,1785949773.7,alerts,1785949732,25853,200
2026-08-05T12:09:43,1785949783.2,trips,1785949761,202426,200
2026-08-05T12:09:43,1785949783.5,vehicles,1785949761,11970,200
2026-08-05T12:09:43,1785949783.7,alerts,1785949732,25853,200
2026-08-05T12:09:53,1785949793.2,trips,1785949761,202426,200
2026-08-05T12:09:53,1785949793.5,vehicles,1785949761,11970,200
2026-08-05T12:09:53,1785949794.0,alerts,1785949732,25853,200
2026-08-05T12:10:03,1785949803.2,trips,1785949761,202426,200
2026-08-05T12:10:03,1785949803.7,vehicles,1785949761,11970,200
2026-08-05T12:10:03,1785949803.9,alerts,1785949732,25853,200
2026-08-05T12:10:13,1785949813.2,trips,1785949804,202026,200
2026-08-05T12:10:13,1785949813.6,vehicles,1785949804,11977,200
2026-08-05T12:10:13,1785949813.8,alerts,1785949793,25853,200
2026-08-05T12:10:23,1785949823.2,trips,1785949804,202026,200
2026-08-05T12:10:23,1785949823.5,vehicles,1785949804,11977,200
2026-08-05T12:10:23,1785949823.7,alerts,1785949793,25853,200
2026-08-05T12:10:33,1785949833.2,trips,1785949804,202026,200
2026-08-05T12:10:33,1785949833.5,vehicles,1785949804,11977,200
2026-08-05T12:10:33,1785949833.7,alerts,1785949793,25853,200
2026-08-05T12:10:43,1785949843.2,trips,1785949804,202026,200
2026-08-05T12:10:43,1785949843.5,vehicles,1785949804,11977,200
2026-08-05T12:10:43,1785949843.8,alerts,1785949793,25853,200
2026-08-05T12:10:53,1785949853.2,trips,1785949825,197418,200
2026-08-05T12:10:53,1785949853.6,vehicles,1785949825,11789,200
2026-08-05T12:10:53,1785949853.8,alerts,1785949793,25853,200
2026-08-05T12:11:03,1785949863.2,trips,1785949825,197418,200
2026-08-05T12:11:03,1785949863.6,vehicles,1785949825,11789,200
2026-08-05T12:11:03,1785949863.8,alerts,1785949793,25853,200
2026-08-05T12:11:13,1785949873.2,trips,1785949825,197418,200
2026-08-05T12:11:13,1785949873.5,vehicles,1785949825,11789,200
2026-08-05T12:11:13,1785949873.7,alerts,1785949793,25853,200
2026-08-05T12:11:23,1785949883.2,trips,1785949868,206020,200
2026-08-05T12:11:23,1785949883.5,vehicles,1785949868,12090,200
2026-08-05T12:11:23,1785949883.7,alerts,1785949853,25853,200
2026-08-05T12:11:33,1785949893.2,trips,1785949868,206020,200
2026-08-05T12:11:33,1785949893.6,vehicles,1785949868,12090,200
2026-08-05T12:11:33,1785949893.8,alerts,1785949853,25853,200
2026-08-05T12:11:43,1785949903.2,trips,1785949868,206020,200
2026-08-05T12:11:43,1785949903.5,vehicles,1785949868,12090,200
2026-08-05T12:11:43,1785949903.8,alerts,1785949853,25853,200
2026-08-05T12:11:53,1785949913.2,trips,1785949910,204085,200
2026-08-05T12:11:53,1785949913.5,vehicles,1785949910,11897,200
2026-08-05T12:11:53,1785949913.7,alerts,1785949853,25853,200
2026-08-05T12:12:03,1785949923.2,trips,1785949910,204085,200
2026-08-05T12:12:03,1785949923.6,vehicles,1785949910,11897,200
2026-08-05T12:12:03,1785949923.8,alerts,1785949853,25853,200
2026-08-05T12:12:13,1785949933.2,trips,1785949910,204085,200
2026-08-05T12:12:13,1785949933.6,vehicles,1785949910,11897,200
2026-08-05T12:12:13,1785949933.8,alerts,1785949853,25853,200
2026-08-05T12:12:23,1785949943.2,trips,1785949910,204085,200
2026-08-05T12:12:23,1785949943.5,vehicles,1785949910,11897,200
2026-08-05T12:12:23,1785949943.7,alerts,1785949913,25853,200
2026-08-05T12:12:33,1785949953.2,trips,1785949931,207173,200
2026-08-05T12:12:33,1785949953.6,vehicles,1785949931,12084,200
2026-08-05T12:12:33,1785949953.8,alerts,1785949913,25853,200
2026-08-05T12:12:43,1785949963.2,trips,1785949931,207173,200
2026-08-05T12:12:43,1785949963.5,vehicles,1785949931,12084,200
2026-08-05T12:12:43,1785949963.8,alerts,1785949913,25853,200
2026-08-05T12:12:53,1785949973.2,trips,1785949931,207173,200
2026-08-05T12:12:53,1785949973.5,vehicles,1785949931,12084,200
2026-08-05T12:12:53,1785949973.7,alerts,1785949913,25853,200
2026-08-05T12:13:03,1785949983.2,trips,1785949974,196806,200
2026-08-05T12:13:03,1785949983.6,vehicles,1785949974,11910,200
2026-08-05T12:13:03,1785949983.8,alerts,1785949974,25853,200
2026-08-05T12:13:13,1785949993.2,trips,1785949974,196806,200
2026-08-05T12:13:13,1785949993.6,vehicles,1785949974,11910,200
2026-08-05T12:13:13,1785949993.8,alerts,1785949974,25853,200
2026-08-05T12:13:23,1785950003.2,trips,1785949974,196806,200
2026-08-05T12:13:23,1785950003.5,vehicles,1785949974,11910,200
2026-08-05T12:13:23,1785950003.7,alerts,1785949974,25853,200
2026-08-05T12:13:33,1785950013.2,trips,1785949995,196886,200
2026-08-05T12:13:33,1785950013.5,vehicles,1785949995,11909,200
2026-08-05T12:13:33,1785950013.7,alerts,1785949974,25853,200
2026-08-05T12:13:43,1785950023.2,trips,1785949995,196886,200
2026-08-05T12:13:43,1785950023.5,vehicles,1785949995,11909,200
2026-08-05T12:13:43,1785950023.7,alerts,1785949974,25853,200
2026-08-05T12:13:53,1785950033.2,trips,1785949995,196886,200
2026-08-05T12:13:53,1785950033.5,vehicles,1785949995,11909,200
2026-08-05T12:13:53,1785950033.7,alerts,1785949974,25853,200
2026-08-05T12:14:03,1785950043.2,trips,1785950038,203309,200
2026-08-05T12:14:03,1785950043.6,vehicles,1785950038,12216,200
2026-08-05T12:14:03,1785950043.8,alerts,1785950034,25853,200
2026-08-05T12:14:13,1785950053.2,trips,1785950038,203309,200
2026-08-05T12:14:13,1785950053.7,vehicles,1785950038,12216,200
2026-08-05T12:14:13,1785950053.9,alerts,1785950034,25853,200
2026-08-05T12:14:23,1785950063.2,trips,1785950038,203309,200
2026-08-05T12:14:23,1785950063.5,vehicles,1785950038,12216,200
2026-08-05T12:14:23,1785950063.8,alerts,1785950034,25853,200
2026-08-05T12:14:33,1785950073.2,trips,1785950038,203309,200
2026-08-05T12:14:33,1785950073.6,vehicles,1785950038,12216,200
2026-08-05T12:14:33,1785950073.8,alerts,,,ERR:KeyError:'header'
2026-08-05T12:14:43,1785950083.2,trips,1785950059,204106,200
2026-08-05T12:14:43,1785950083.6,vehicles,1785950059,12322,200
2026-08-05T12:14:43,1785950083.8,alerts,1785950034,25853,200
2026-08-05T12:14:53,1785950093.2,trips,1785950059,204106,200
2026-08-05T12:14:53,1785950093.6,vehicles,1785950059,12322,200
2026-08-05T12:14:53,1785950093.8,alerts,1785950034,25853,200
2026-08-05T12:15:03,1785950103.2,trips,1785950059,204106,200
2026-08-05T12:15:03,1785950103.5,vehicles,1785950059,12322,200
2026-08-05T12:15:03,1785950103.7,alerts,1785950034,25853,200
2026-08-05T12:15:13,1785950113.2,trips,1785950101,204556,200
2026-08-05T12:15:13,1785950113.5,vehicles,1785950101,12206,200
2026-08-05T12:15:13,1785950113.8,alerts,1785950094,25853,200
2026-08-05T12:15:23,1785950123.2,trips,1785950101,204556,200
2026-08-05T12:15:23,1785950123.5,vehicles,1785950101,12206,200
2026-08-05T12:15:23,1785950123.8,alerts,1785950094,25853,200
2026-08-05T12:15:33,1785950133.2,trips,1785950101,204556,200
2026-08-05T12:15:33,1785950133.6,vehicles,1785950101,12206,200
2026-08-05T12:15:33,1785950133.8,alerts,1785950094,25853,200
2026-08-05T12:15:43,1785950143.2,trips,1785950122,205944,200
2026-08-05T12:15:43,1785950143.6,vehicles,1785950122,12198,200
2026-08-05T12:15:43,1785950143.8,alerts,1785950094,25853,200
2026-08-05T12:15:53,1785950153.2,trips,1785950122,205944,200
2026-08-05T12:15:53,1785950153.6,vehicles,1785950122,12198,200
2026-08-05T12:15:53,1785950153.8,alerts,1785950094,25853,200
2026-08-05T12:16:03,1785950163.2,trips,1785950122,205944,200
2026-08-05T12:16:03,1785950163.6,vehicles,1785950122,12198,200
2026-08-05T12:16:03,1785950163.8,alerts,1785950094,25853,200
